mobile_data_generation,n,churn_rate,lift
2G,1526,0.07404980340760157,0.27904374820745736
3G,726,0.17355371900826447,0.6540068715758194
4G,1695,0.19646017699115045,0.7403258569013764
5G,3096,0.4189276485788114,1.5786556602143222
