sim_card_type,n,churn_rate,lift
postpaid,3168,0.06755050505050506,0.254552277726435
prepaid,3875,0.4270967741935484,1.609439583009717
