sim_card_type,mobile_data_generation,n,churn_rate,lift
postpaid,2G,1002,0.013972055888223553,0.05265125180350908
postpaid,3G,378,0.05026455026455026,0.18941317683960807
postpaid,4G,820,0.05609756097560976,0.21139385872189378
postpaid,5G,968,0.13946280991735538,0.5255412360877121
prepaid,2G,524,0.18893129770992367,0.7119545905676792
prepaid,3G,348,0.3074712643678161,1.1586517468927386
prepaid,4G,875,0.328,1.2360107009095773
prepaid,5G,2128,0.5460526315789473,2.057703950888457
