tenure_band,n,churn_rate,lift
0-6,1481,0.5293720459149224,1.9948460777842685
7-12,705,0.3588652482269504,1.352320996930129
13-24,1024,0.287109375,1.0819215238764044
25-60,2426,0.1834295136026381,0.691222078278962
61+,1407,0.06609808102345416,0.24907907150785852
