volte_service,n,churn_rate,lift
no,3473,0.4163547365390153,1.308103121575027
yes,2044,0.15166340508806261,0.47649601701072974
