{
  "18-24": {
    "n": 709,
    "share_of_base": 0.10066732926309811,
    "churn_rate": 0.26948152327221436,
    "mean_calibrated_risk": 0.26948152327221436,
    "mean_raw_risk": 0.3928131170662906,
    "prepaid_ratio": 0.5557122708039492,
    "ecosystem_penetration": 0.7165021156558533,
    "rubika_adoption": 0.3441466854724965,
    "ewano_adoption": 0.3765867418899859,
    "hamrah_man_adoption": 0.6050775740479548,
    "volte_adoption": 0.2750352609308886,
    "mean_arpu": 9414661.518351743,
    "mean_tenure_months": 31.784203102961918,
    "bill_shock_frequency": 0.0028208744710860366,
    "mean_digital_engagement": 1.6008462623413258
  },
  "25-34": {
    "n": 1609,
    "share_of_base": 0.22845378389890672,
    "churn_rate": 0.2728497203231821,
    "mean_calibrated_risk": 0.2728497203231821,
    "mean_raw_risk": 0.3911374766935985,
    "prepaid_ratio": 0.5550031075201989,
    "ecosystem_penetration": 0.7315102548166563,
    "rubika_adoption": 0.39216904909881917,
    "ewano_adoption": 0.3878185208203853,
    "hamrah_man_adoption": 0.5898073337476694,
    "volte_adoption": 0.28713486637663144,
    "mean_arpu": 9803517.531505335,
    "mean_tenure_months": 32.46302050963331,
    "bill_shock_frequency": 0.0018645121193287756,
    "mean_digital_engagement": 1.6569297700435053
  },
  "35-44": {
    "n": 2244,
    "share_of_base": 0.31861422689194946,
    "churn_rate": 0.26406867201426026,
    "mean_calibrated_risk": 0.26406867201426026,
    "mean_raw_risk": 0.3983629233511587,
    "prepaid_ratio": 0.5365418894830659,
    "ecosystem_penetration": 0.7312834224598931,
    "rubika_adoption": 0.39215686274509803,
    "ewano_adoption": 0.4015151515151515,
    "hamrah_man_adoption": 0.588680926916221,
    "volte_adoption": 0.2936720142602496,
    "mean_arpu": 9751632.115466079,
    "mean_tenure_months": 33.013814616755795,
    "bill_shock_frequency": 0.0017825311942959,
    "mean_digital_engagement": 1.6760249554367201
  },
  "45-54": {
    "n": 1697,
    "share_of_base": 0.24094845946329688,
    "churn_rate": 0.27521373011196226,
    "mean_calibrated_risk": 0.27521373011196226,
    "mean_raw_risk": 0.3988093694755451,
    "prepaid_ratio": 0.5621685327047732,
    "ecosystem_penetration": 0.7395403653506187,
    "rubika_adoption": 0.38538597525044194,
    "ewano_adoption": 0.37713612256923984,
    "hamrah_man_adoption": 0.5998821449616971,
    "volte_adoption": 0.2928697701826753,
    "mean_arpu": 9740085.485720523,
    "mean_tenure_months": 31.850324101355334,
    "bill_shock_frequency": 0.0005892751915144372,
    "mean_digital_engagement": 1.6552740129640542
  },
  "55+": {
    "n": 784,
    "share_of_base": 0.11131620048274883,
    "churn_rate": 0.2623095663265306,
    "mean_calibrated_risk": 0.2623095663265306,
    "mean_raw_risk": 0.3981977040816327,
    "prepaid_ratio": 0.548469387755102,
    "ecosystem_penetration": 0.735969387755102,
    "rubika_adoption": 0.38010204081632654,
    "ewano_adoption": 0.3826530612244898,
    "hamrah_man_adoption": 0.5790816326530612,
    "volte_adoption": 0.29464285714285715,
    "mean_arpu": 9553558.283924876,
    "mean_tenure_months": 32.00127551020408,
    "bill_shock_frequency": 0.0012755102040816326,
    "mean_digital_engagement": 1.6364795918367347
  }
}