{
  "comparison": {
    "none": {
      "validation": {
        "threshold": 0.5,
        "roc_auc": 0.8260171699013097,
        "pr_auc": 0.6211293815519747,
        "brier_score": 0.16358398502863897,
        "ece": 0.1257694417213249,
        "precision": 0.5186104218362283,
        "recall": 0.7437722419928826,
        "f1": 0.6111111111111112,
        "false_negative_rate": 0.25622775800711745,
        "base_rate": 0.26584673604541154,
        "lift_at_threshold": 1.9507872451277342,
        "confusion_matrix": {
          "tn": 582,
          "fp": 194,
          "fn": 72,
          "tp": 209
        },
        "calibration_curve": {
          "mean_predicted": [
            0.04697383575670678,
            0.1522407224238316,
            0.2486634506758337,
            0.351109568369661,
            0.4480660011038523,
            0.5504612974896164,
            0.6470700851564448,
            0.7528350049077576,
            0.8501156424473629,
            0.9299192246549163
          ],
          "fraction_positive": [
            0.0371900826446281,
            0.0703125,
            0.144,
            0.20253164556962025,
            0.25,
            0.2826086956521739,
            0.5,
            0.5164835164835165,
            0.7160493827160493,
            0.7297297297297297
          ]
        }
      },
      "test": {
        "threshold": 0.5,
        "roc_auc": 0.8442406692406692,
        "pr_auc": 0.6571077696236859,
        "brier_score": 0.15889006984430343,
        "ece": 0.13438138495147753,
        "precision": 0.5414634146341464,
        "recall": 0.7928571428571428,
        "f1": 0.6434782608695652,
        "false_negative_rate": 0.20714285714285716,
        "base_rate": 0.26490066225165565,
        "lift_at_threshold": 2.0440243902439024,
        "confusion_matrix": {
          "tn": 589,
          "fp": 188,
          "fn": 58,
          "tp": 222
        },
        "calibration_curve": {
          "mean_predicted": [
            0.04806448249203174,
            0.14680126017323195,
            0.24882670010695027,
            0.3525573083717244,
            0.4482384501759106,
            0.5503165586972629,
            0.6465023036176903,
            0.7493955556378135,
            0.840497040469673,
            0.9310714220214534
          ],
          "fraction_positive": [
            0.01652892561983471,
            0.08620689655172414,
            0.0975609756097561,
            0.2073170731707317,
            0.17857142857142858,
            0.37349397590361444,
            0.5168539325842697,
            0.48,
            0.6615384615384615,
            0.875
          ]
        }
      },
      "overfit_risk": "none"
    },
    "sigmoid": {
      "validation": {
        "threshold": 0.5,
        "roc_auc": 0.8260171699013097,
        "pr_auc": 0.6211293815519747,
        "brier_score": 0.14234113892265754,
        "ece": 0.02588037682310943,
        "precision": 0.6280193236714976,
        "recall": 0.4626334519572954,
        "f1": 0.5327868852459017,
        "false_negative_rate": 0.5373665480427047,
        "base_rate": 0.26584673604541154,
        "lift_at_threshold": 2.3623360324582667,
        "confusion_matrix": {
          "tn": 699,
          "fp": 77,
          "fn": 151,
          "tp": 130
        },
        "calibration_curve": {
          "mean_predicted": [
            0.06561788993960044,
            0.14050815997604493,
            0.24812558772853727,
            0.3488645263706917,
            0.44536619279625445,
            0.5542799643264801,
            0.651294086660499,
            0.7253433147665951
          ],
          "fraction_positive": [
            0.049723756906077346,
            0.15,
            0.26804123711340205,
            0.3157894736842105,
            0.4895833333333333,
            0.5,
            0.7125,
            0.7435897435897436
          ]
        }
      },
      "test": {
        "threshold": 0.5,
        "roc_auc": 0.8442406692406692,
        "pr_auc": 0.6571077696236859,
        "brier_score": 0.13689484188059256,
        "ece": 0.0513509512522266,
        "precision": 0.6059322033898306,
        "recall": 0.5107142857142857,
        "f1": 0.5542635658914729,
        "false_negative_rate": 0.48928571428571427,
        "base_rate": 0.26490066225165565,
        "lift_at_threshold": 2.28739406779661,
        "confusion_matrix": {
          "tn": 684,
          "fp": 93,
          "fn": 137,
          "tp": 143
        },
        "calibration_curve": {
          "mean_predicted": [
            0.0644099053001853,
            0.13977987964583544,
            0.2460751734130985,
            0.350120368891496,
            0.44543334449937144,
            0.5494827536777964,
            0.6419742531611918,
            0.7277676264862826
          ],
          "fraction_positive": [
            0.025787965616045846,
            0.15816326530612246,
            0.17592592592592593,
            0.4,
            0.5301204819277109,
            0.4666666666666667,
            0.6617647058823529,
            0.875
          ]
        }
      },
      "overfit_risk": "medium"
    },
    "isotonic": {
      "validation": {
        "threshold": 0.5,
        "roc_auc": 0.8333753714642111,
        "pr_auc": 0.6210274384269197,
        "brier_score": 0.1383053557765769,
        "ece": 2.946239909246513e-17,
        "precision": 0.6904761904761905,
        "recall": 0.4128113879003559,
        "f1": 0.5167037861915368,
        "false_negative_rate": 0.5871886120996441,
        "base_rate": 0.26584673604541154,
        "lift_at_threshold": 2.5972716488730723,
        "confusion_matrix": {
          "tn": 724,
          "fp": 52,
          "fn": 165,
          "tp": 116
        },
        "calibration_curve": {
          "mean_predicted": [
            0.037854889589905384,
            0.13559322033898297,
            0.24264705882352947,
            0.33962264150943394,
            0.47798742138364736,
            0.5862068965517233,
            0.7000000000000001,
            0.7764705882352939,
            1.0
          ],
          "fraction_positive": [
            0.03785488958990536,
            0.13559322033898305,
            0.2426470588235294,
            0.33962264150943394,
            0.4779874213836478,
            0.5862068965517241,
            0.7,
            0.7764705882352941,
            1.0
          ]
        }
      },
      "test": {
        "threshold": 0.5,
        "roc_auc": 0.843151314579886,
        "pr_auc": 0.6334146945516894,
        "brier_score": 0.13630672201683214,
        "ece": 0.025323852543336522,
        "precision": 0.6705202312138728,
        "recall": 0.4142857142857143,
        "f1": 0.5121412803532008,
        "false_negative_rate": 0.5857142857142857,
        "base_rate": 0.26490066225165565,
        "lift_at_threshold": 2.5312138728323696,
        "confusion_matrix": {
          "tn": 720,
          "fp": 57,
          "fn": 164,
          "tp": 116
        },
        "calibration_curve": {
          "mean_predicted": [
            0.03789463079274578,
            0.1369686839874731,
            0.24166168543613642,
            0.33885362015902454,
            0.47874003202015863,
            0.5857727790894541,
            0.7,
            0.7812121062827363
          ],
          "fraction_positive": [
            0.015723270440251572,
            0.1527777777777778,
            0.24161073825503357,
            0.25,
            0.4858757062146893,
            0.6129032258064516,
            0.6923076923076923,
            0.7682926829268293
          ]
        }
      },
      "overfit_risk": "high"
    }
  },
  "selection": {
    "chosen": "isotonic",
    "candidates_in_band": [
      "none",
      "sigmoid",
      "isotonic"
    ],
    "val_pr_auc_ceiling": 0.6211293815519747,
    "pr_tolerance": 0.01,
    "isotonic_overfit_risk": "medium",