revenue_risk_segment,churn_rate,count
0,0.1380813953488372,2064
1,0.30659025787965616,3141
2,0.39114391143911437,271
3,0.32865347798340777,1567
