sim_card_type,churn_rate,count
postpaid,0.06755050505050506,3168
prepaid,0.4270967741935484,3875
