mobile_data_generation,churn_rate,count
2G,0.07404980340760157,1526
3G,0.17355371900826447,726
4G,0.19646017699115045,1695
5G,0.4189276485788114,3096
